,SampleID,Universal_Sample_ID,Seq2,Duplicate,Keep,non.chimeric.1,Metagenome
NRAu0042,NRAu0042,KBT_08.23.2017_NR2,lane1-s009-index-ACGCTACT-ACGACGTG-NRAu0042,No,Keep,15236,NA
R837_R2,R837_R2,KBT_08.23.2017_SR8,lane1-s307-index-TAGCAGCT-ACTATCTG-R837-R2,No,Keep,16577,NA
CB36_R2,CB36_R2,KBT_08.23.2017_CB,lane1-s306-index-CGAAGTAT-ATATACAC-CB36-R2,No,Keep,17768,NA
STAu0040,STAu0040,KBT_08.23.2017_STO1,lane1-s007-index-ACGCTACT-ATCGTACG-STAu0040,No,Keep,18802,NA
R2Au0039,R2Au0039,KBT_08.23.2017_SR2,lane1-s006-index-GACATAGT-ACGACGTG-R2Au0039,No,Keep,19064,NA
NTAu0041,NTAu0041,KBT_08.23.2017_NTO1,lane1-s008-index-ACGCTACT-CTACTATA-NTAu0041,No,Keep,19286,NA
ARAu0035,ARAu0035,KBT_08.23.2017_AR,lane1-s002-index-CGAGAGTT-CTACTATA-ARAu0035,No,Keep,22916,NA
SBAu0038,SBAu0038,KBT_08.23.2017_SB,lane1-s005-index-GACATAGT-CTACTATA-SBAu0038,No,Keep,26465,NA
HPAu0034,HPAu0034,KBT_08.23.2017_HP1,lane1-s001-index-CGAGAGTT-ATCGTACG-HPAu0034,No,Keep,29102,NA
NBAu0043,NBAu0043,KBT_08.23.2017_NB,lane1-s010-index-ACTCACTG-ATCGTACG-NBAu0043,No,Keep,31450,NA
STSe0060,STSe0060,KBT_09.20.2017_STO1,lane1-s017-index-GACATAGT-CGTTACTA-STSe0060,No,Keep,12524,Yes
SB58_R2,SB58_R2,KBT_09.20.2017_SB,lane1-s309-index-TAGCAGCT-ATATACAC-SB58-R2,No,Keep,14020,Yes
R857_R2,R857_R2,KBT_09.20.2017_SR8,lane1-s308-index-TAGCAGCT-CGTTACTA-R857-R2,No,Keep,14105,Yes
NT61_R2,NT61_R2,KBT_09.20.2017_NTO1,lane1-s310-index-TCTCTATG-ACTATCTG-NT61-R2,No,Keep,15299,Yes
R2Se0059,R2Se0059,KBT_09.20.2017_SR2,lane1-s016-index-GACATAGT-ACTATCTG-R2Se0059,No,Keep,15557,Yes
ARSe0055,ARSe0055,KBT_09.20.2017_AR,lane1-s012-index-ACTCACTG-ACGACGTG-ARSe0055,No,Keep,15891,Yes
NBSe0063,NBSe0063,KBT_09.20.2017_NB,lane1-s020-index-ACGCTACT-CGTTACTA-NBSe0063,No,Keep,18761,Yes
NRSe0062,NRSe0062,KBT_09.20.2017_NR2,lane1-s019-index-ACGCTACT-ACTATCTG-NRSe0062,No,Keep,21337,Yes
CBSe0056,CBSe0056,KBT_09.20.2017_CB,lane1-s013-index-CGAGAGTT-ACTATCTG-CBSe0056,No,Keep,22452,Yes
HPSe0054,HPSe0054,KBT_09.20.2017_HP1,lane1-s011-index-ACTCACTG-CTACTATA-HPSe0054,No,Keep,29617,Yes
NRNo0082,NRNo0082,KBT_11.01.2017_NR2,lane1-s029-index-GACATAGT-AGAGTCAC-NRNo0082,No,Keep,13009,NA
STNo0080,STNo0080,KBT_11.01.2017_STO1,lane1-s027-index-CGAGAGTT-CGTCGCTA-STNo0080,No,Keep,15500,NA
R2No0079,R2No0079,KBT_11.01.2017_SR2,lane1-s026-index-CGAGAGTT-AGAGTCAC-R2No0079,No,Keep,16994,NA
HPNo0074,HPNo0074,KBT_11.01.2017_HP1,lane1-s021-index-ACGCTACT-ATATACAC-HPNo0074,No,Keep,17344,NA
R8No0077,R8No0077,KBT_11.01.2017_SR8,lane1-s024-index-ACTCACTG-ATATACAC-R8No0077,No,Keep,17724,NA
ARNo0075,ARNo0075,KBT_11.01.2017_AR,lane1-s022-index-ACTCACTG-ACTATCTG-ARNo0075,No,Keep,20016,NA
NTNo0081,NTNo0081,KBT_11.01.2017_NTO1,lane1-s028-index-GACATAGT-TAGCGAGT-NTNo0081,No,Keep,20714,NA
NBNo0083,NBNo0083,KBT_11.01.2017_NB,lane1-s031-index-ACGCTACT-TAGCGAGT-NBNo0083,No,Keep,21361,NA
CBNo0076,CBNo0076,KBT_11.01.2017_CB,lane1-s023-index-ACTCACTG-CGTTACTA-CBNo0076,No,Keep,21487,NA
SBNo0078,SBNo0078,KBT_11.01.2017_SB,lane1-s025-index-CGAGAGTT-TAGCGAGT-SBNo0078,No,Keep,26167,NA
SBDe0098,SBDe0098,KBT_12.08.2017_SB,lane1-s036-index-ACTCACTG-CGTCGCTA-SBDe0098,No,Keep,9489,NA
R8De0097,R8De0097,KBT_12.08.2017_SR8,lane1-s035-index-ACTCACTG-AGAGTCAC-R8De0097,No,Keep,15373,NA
HPDe0094,HPDe0094,KBT_12.08.2017_HP1,lane1-s032-index-ACGCTACT-AGAGTCAC-HPDe0094,No,Keep,16075,NA
ARDe0095,ARDe0095,KBT_12.08.2017_AR,lane1-s033-index-ACGCTACT-CGTCGCTA-ARDe0095,No,Keep,16422,NA
NRDe0102,NRDe0102,KBT_12.08.2017_NR2,lane1-s040-index-GACATAGT-CTGCGTGT-NRDe0102,No,Keep,17584,NA
R2De0099,R2De0099,KBT_12.08.2017_SR2,lane1-s037-index-CGAGAGTT-CTGCGTGT-R2De0099,No,Keep,21290,NA
NBDe0103,NBDe0103,KBT_12.08.2017_NB,lane1-s041-index-GACATAGT-TACGAGAC-NBDe0103,No,Keep,22253,NA
NTDe0101,NTDe0101,KBT_12.08.2017_NTO1,lane1-s039-index-CGAGAGTT-CTAGAGCT-NTDe0101,No,Keep,23625,NA
CBDe0096,CBDe0096,KBT_12.08.2017_CB,lane1-s034-index-ACTCACTG-TAGCGAGT-CBDe0096,No,Keep,26225,NA
STDe0100,STDe0100,KBT_12.08.2017_STO1,lane1-s038-index-CGAGAGTT-TACGAGAC-STDe0100,No,Keep,28115,NA
NTJa0123,NTJa0123,KBT_01.29.2018_NTO1,lane1-s049-index-CGAGAGTT-TCATCGAG-NTJa0123,No,Keep,15102,NA
HPJa0116,HPJa0116,KBT_01.29.2018_HP1,lane1-s042-index-GACATAGT-CTAGAGCT-HPJa0116,No,Keep,19624,NA
SBJa0120,SBJa0120,KBT_01.29.2018_SB,lane1-s046-index-ACTCACTG-CTGCGTGT-SBJa0120,No,Keep,22627,NA
STJa0122,STJa0122,KBT_01.29.2018_STO1,lane1-s048-index-ACTCACTG-CTAGAGCT-STJa0122,No,Keep,26222,NA
R2Ja0125,R2Ja0125,KBT_01.29.2018_SR2,lane1-s051-index-CGAGAGTT-GCTCTAGT-R2Ja0125,No,Keep,27025,NA
R8Ja0119,R8Ja0119,KBT_01.29.2018_SR8,lane1-s045-index-ACGCTACT-CTAGAGCT-R8Ja0119,No,Keep,27880,NA
ARJa0117,ARJa0117,KBT_01.29.2018_AR,lane1-s043-index-ACGCTACT-CTGCGTGT-ARJa0117,No,Keep,27987,NA
CBJa0118,CBJa0118,KBT_01.29.2018_CB,lane1-s044-index-ACGCTACT-TACGAGAC-CBJa0118,No,Keep,38711,NA
NRJa0124,NRJa0124,KBT_01.29.2018_NR2,lane1-s050-index-CGAGAGTT-ACGTCTCG-NRJa0124,No,Keep,48765,NA
NBJa0121,NBJa0121,KBT_01.29.2018_NB,lane1-s047-index-ACTCACTG-TACGAGAC-NBJa0121,No,Keep,100590,NA
NTFe0143,NTFe0143,KBT_02.21.2018_NTO1,lane1-s059-index-ACTCACTG-ACGTCTCG-NTFe0143,No,Keep,15954,NA
NB145_R2,NB145_R2,KBT_02.21.2018_NB,lane1-s304-index-CGAAGTAT-ACTATCTG-NB145-R2,No,Keep,18931,NA
STFe0142,STFe0142,KBT_02.21.2018_STO1,lane1-s058-index-ACTCACTG-TCATCGAG-STFe0142,No,Keep,20233,NA
R8Fe0139,R8Fe0139,KBT_02.21.2018_SR8,lane1-s055-index-ACGCTACT-TCATCGAG-R8Fe0139,No,Keep,20242,NA
SBFe0140,SBFe0140,KBT_02.21.2018_SB,lane1-s056-index-ACGCTACT-ACGTCTCG-SBFe0140,No,Keep,20701,NA
HPFe0136,HPFe0136,KBT_02.21.2018_HP1,lane1-s052-index-GACATAGT-TCATCGAG-HPFe0136,No,Keep,21816,NA
CBFe0138,CBFe0138,KBT_02.21.2018_CB,lane1-s054-index-GACATAGT-GCTCTAGT-CBFe0138,No,Keep,22914,NA
R2Fe0141,R2Fe0141,KBT_02.21.2018_SR2,lane1-s057-index-ACGCTACT-GCTCTAGT-R2Fe0141,No,Keep,22949,NA
ARFe0137,ARFe0137,KBT_02.21.2018_AR,lane1-s053-index-GACATAGT-ACGTCTCG-ARFe0137,No,Keep,25313,NA
NRFe0144,NRFe0144,KBT_02.21.2018_NR2,lane1-s060-index-ACTCACTG-GCTCTAGT-NRFe0144,No,Keep,32768,NA
R2Ma0161,R2Ma0161,KBT_03.28.2018_SR2,lane1-s067-index-ACGCTACT-CGTGAGTG-R2Ma0161,No,Keep,17658,Yes
R8Ma0159,R8Ma0159,KBT_03.28.2018_SR8,lane1-s065-index-GACATAGT-TCGACGAG-R8Ma0159,No,Keep,18949,Yes
CBMa0158,CBMa0158,KBT_03.28.2018_CB,lane1-s064-index-GACATAGT-CGTGAGTG-CBMa0158,No,Keep,19366,Yes
HP156_R2,HP156_R2,KBT_03.28.2018_HP1,lane1-s305-index-CGAAGTAT-CGTTACTA-HP156-R2,No,Keep,20097,Yes
NTMa0163,NTMa0163,KBT_03.28.2018_NTO1,lane1-s069-index-ACGCTACT-GACACTGA-NTMa0163,No,Keep,20821,Yes
NRMa0164,NRMa0164,KBT_03.28.2018_NR2,lane1-s070-index-ACTCACTG-CGTGAGTG-NRMa0164,No,Keep,24579,Yes
ARMa0157,ARMa0157,KBT_03.28.2018_AR,lane1-s063-index-CGAGAGTT-GACACTGA-ARMa0157,No,Keep,25052,Yes
NBMa0165,NBMa0165,KBT_03.28.2018_NB,lane1-s071-index-ACTCACTG-TCGACGAG-NBMa0165,No,Keep,33915,Yes
SBMa0160,SBMa0160,KBT_03.28.2018_SB,lane1-s066-index-GACATAGT-GACACTGA-SBMa0160,No,Keep,36612,Yes
STMa0162,STMa0162,KBT_03.28.2018_STO1,lane1-s068-index-ACGCTACT-TCGACGAG-STMa0162,No,Keep,38785,Yes
CB178_R2,CB178_R2,KBT_05.01.2018_CB,lane1-s311-index-TCTCTATG-CGTTACTA-CB178-R2,No,Keep,14437,NA
HPMy0176,HPMy0176,KBT_05.01.2018_HP1,lane1-s072-index-ACTCACTG-GACACTGA-HPMy0176,No,Keep,15247,NA
NRMy0184,NRMy0184,KBT_05.01.2018_NR2,lane1-s080-index-ACGCTACT-GATCGTGT-NRMy0184,No,Keep,21957,NA
R2My0181,R2My0181,KBT_05.01.2018_SR2,lane1-s077-index-GACATAGT-GATCGTGT-R2My0181,No,Keep,25172,NA
ARMy0177,ARMy0177,KBT_05.01.2018_AR,lane1-s073-index-CGAGAGTT-GGATATCT-ARMy0177,No,Keep,25738,NA
NTMy0183,NTMy0183,KBT_05.01.2018_NTO1,lane1-s079-index-ACGCTACT-GGATATCT-NTMy0183,No,Keep,27150,NA
STMy0182,STMy0182,KBT_05.01.2018_STO1,lane1-s078-index-GACATAGT-TGCGTACG-STMy0182,No,Keep,28348,NA
SBMy0180,SBMy0180,KBT_05.01.2018_SB,lane1-s076-index-GACATAGT-GGATATCT-SBMy0180,No,Keep,33532,NA
NBMy0185,NBMy0185,KBT_05.01.2018_NB,lane1-s081-index-ACGCTACT-TGCGTACG-NBMy0185,No,Keep,35489,NA
R8My0179,R8My0179,KBT_05.01.2018_SR8,lane1-s075-index-CGAGAGTT-TGCGTACG-R8My0179,No,Keep,36910,NA
ARJn0197,ARJn0197,KBT_06.01.2018_AR,lane1-s083-index-ACTCACTG-GATCGTGT-ARJn0197,No,Keep,24130,NA
HPJn0196,HPJn0196,KBT_06.01.2018_HP1,lane1-s082-index-ACTCACTG-GGATATCT-HPJn0196,No,Keep,31829,NA
CBJn0198,CBJn0198,KBT_06.01.2018_CB,lane1-s084-index-ACTCACTG-TGCGTACG-CBJn0198,No,Keep,33688,NA
NBJn0205,NBJn0205,KBT_06.01.2018_NB,lane1-s091-index-ACGCTACT-GACACCGT-NBJn0205,No,Keep,35406,NA
R8Jn0199,R8Jn0199,KBT_06.01.2018_SR8,lane1-s085-index-CGAGAGTT-GACACCGT-R8Jn0199,No,Keep,35436,NA
SBJn0200,SBJn0200,KBT_06.01.2018_SB,lane1-s086-index-CGAGAGTT-GTCAGATA-SBJn0200,No,Keep,48522,NA
R2Jn0201,R2Jn0201,KBT_06.01.2018_SR2,lane1-s087-index-CGAGAGTT-TAGTGTAG-R2Jn0201,No,Keep,48956,NA
NTJn0203,NTJn0203,KBT_06.01.2018_NTO1,lane1-s089-index-GACATAGT-GTCAGATA-NTJn0203,No,Keep,49141,NA
STJn0202,STJn0202,KBT_06.01.2018_STO1,lane1-s088-index-GACATAGT-GACACCGT-STJn0202,No,Keep,50055,NA
NRJn0204,NRJn0204,KBT_06.01.2018_NR2,lane1-s090-index-GACATAGT-TAGTGTAG-NRJn0204,No,Keep,53854,NA
STJn0222,STJn0222,KBT_06.19.2018_STO1,lane1-s099-index-TGAGTACG-ACGACGTG-STJn0222,No,Keep,18255,NA
NBJn0225,NBJn0225,KBT_06.19.2018_NB,lane1-s102-index-CTGCGTAG-ACGACGTG-NBJn0225,No,Keep,20470,NA
NTJn0223,NTJn0223,KBT_06.19.2018_NTO1,lane1-s100-index-CTGCGTAG-ATCGTACG-NTJn0223,No,Keep,24345,NA
R2Jn0242,R2Jn0242,KBT_06.19.2018_SR2,lane1-s103-index-TAGTCTCC-ATCGTACG-R2Jn0242,No,Keep,26158,NA
NRJn0224,NRJn0224,KBT_06.19.2018_NR2,lane1-s101-index-CTGCGTAG-CTACTATA-NRJn0224,No,Keep,28724,NA
SBJn0220,SBJn0220,KBT_06.19.2018_SB,lane1-s097-index-TGAGTACG-ATCGTACG-SBJn0220,No,Keep,29209,NA
ARJn0217,ARJn0217,KBT_06.19.2018_AR,lane1-s093-index-ACGCTACT-TAGTGTAG-ARJn0217,No,Keep,39165,NA
HPJn0216,HPJn0216,KBT_06.19.2018_HP1,lane1-s092-index-ACGCTACT-GTCAGATA-HPJn0216,No,Keep,42458,NA
R8Jn0219,R8Jn0219,KBT_06.19.2018_SR8,lane1-s095-index-ACTCACTG-GTCAGATA-R8Jn0219,No,Keep,51720,NA
CBJn0218,CBJn0218,KBT_06.19.2018_CB,lane1-s094-index-ACTCACTG-GACACCGT-CBJn0218,No,Keep,71930,NA
STJy0250,STJy0250,KBT_07.23.2018_STO1,lane1-s110-index-TGAGTACG-CGTTACTA-STJy0250,No,Keep,15674,NA
ARJy0245,ARJy0245,KBT_07.23.2018_AR,lane1-s105-index-TAGTCTCC-ACGACGTG-ARJy0245,No,Keep,17360,NA
HPJy0244,HPJy0244,KBT_07.23.2018_HP1,lane1-s104-index-TAGTCTCC-CTACTATA-HPJy0244,No,Keep,19095,NA
NBJy0253,NBJy0253,KBT_07.23.2018_NB,lane1-s113-index-CTGCGTAG-CGTTACTA-NBJy0253,No,Keep,19237,NA
CBJy0246,CBJy0246,KBT_07.23.2018_CB,lane1-s106-index-CGAGCGAC-ATCGTACG-CBJy0246,No,Keep,19587,NA
SBJy0248,SBJy0248,KBT_07.23.2018_SB,lane1-s108-index-CGAGCGAC-ACGACGTG-SBJy0248,No,Keep,19623,NA
R2Jy0249,R2Jy0249,KBT_07.23.2018_SR2,lane1-s109-index-TGAGTACG-ACTATCTG-R2Jy0249,No,Keep,20921,NA
NTJy0251,NTJy0251,KBT_07.23.2018_NTO1,lane1-s111-index-TGAGTACG-ATATACAC-NTJy0251,No,Keep,21723,NA
R8Jy0247,R8Jy0247,KBT_07.23.2018_SR8,lane1-s107-index-CGAGCGAC-CTACTATA-R8Jy0247,No,Keep,25652,NA
NRJy0252,NRJy0252,KBT_07.23.2018_NR2,lane1-s112-index-CTGCGTAG-ACTATCTG-NRJy0252,No,Keep,26371,NA
ARSe0265,ARSe0265,KBT_09.11.2018_AR,lane1-s115-index-TAGTCTCC-ACTATCTG-ARSe0265,No,Keep,11527,NA
NRSe0272,NRSe0272,KBT_09.11.2018_NR2,lane1-s122-index-TGAGTACG-AGAGTCAC-NRSe0272,No,Keep,14931,NA
NBSe0273,NBSe0273,KBT_09.11.2018_NB,lane1-s123-index-TGAGTACG-CGTCGCTA-NBSe0273,No,Keep,15927,NA
R8Se0267,R8Se0267,KBT_09.11.2018_SR8,lane1-s117-index-TAGTCTCC-ATATACAC-R8Se0267,No,Keep,16648,NA
CBSe0266,CBSe0266,KBT_09.11.2018_CB,lane1-s116-index-TAGTCTCC-CGTTACTA-CBSe0266,No,Keep,17694,NA
HPSe0264,HPSe0264,KBT_09.11.2018_HP1,lane1-s114-index-CTGCGTAG-ATATACAC-HPSe0264,No,Keep,20104,NA
NTSe0271,NTSe0271,KBT_09.11.2018_NTO1,lane1-s121-index-TGAGTACG-TAGCGAGT-NTSe0271,No,Keep,21765,NA
R2Se0269,R2Se0269,KBT_09.11.2018_SR2,lane1-s119-index-CGAGCGAC-CGTTACTA-R2Se0269,No,Keep,21819,NA
STSe0270,STSe0270,KBT_09.11.2018_STO1,lane1-s120-index-CGAGCGAC-ATATACAC-STSe0270,No,Keep,22227,NA
SBSe0268,SBSe0268,KBT_09.11.2018_SB,lane1-s118-index-CGAGCGAC-ACTATCTG-SBSe0268,No,Keep,25458,NA
NT297_R2,NT297_R2,KBT_10.11.2018_NTO1,lane1-s320-index-TAGCAGCT-AGAGTCAC-NT297-R2,No,Keep,13533,Yes
HPOc0290,HPOc0290,KBT_10.11.2018_HP1,lane1-s124-index-CTGCGTAG-TAGCGAGT-HPOc0290,No,Keep,13729,Yes
SBOc0294,SBOc0294,KBT_10.11.2018_SB,lane1-s129-index-TAGTCTCC-CGTCGCTA-SBOc0294,No,Keep,14359,NA
AROc0291,AROc0291,KBT_10.11.2018_AR,lane1-s125-index-CTGCGTAG-AGAGTCAC-AROc0291,No,Keep,14594,Yes
R8Oc0293,R8Oc0293,KBT_10.11.2018_SR8,lane1-s128-index-TAGTCTCC-AGAGTCAC-R8Oc0293,No,Keep,16218,Yes
CB292_R2,CB292_R2,KBT_10.11.2018_CB,lane1-s319-index-TAGCAGCT-TAGCGAGT-CB292-R2,No,Keep,16810,NA
NBOc0299,NBOc0299,KBT_10.11.2018_NB,lane1-s134-index-TGAGTACG-TACGAGAC-NBOc0299,No,Keep,18562,Yes
STOc0296,STOc0296,KBT_10.11.2018_STO1,lane1-s131-index-CGAGCGAC-AGAGTCAC-STOc0296,No,Keep,18840,Yes
NROc0298,NROc0298,KBT_10.11.2018_NR2,lane1-s133-index-TGAGTACG-CTGCGTGT-NROc0298,No,Keep,19480,NA
R2Oc0295,R2Oc0295,KBT_10.11.2018_SR2,lane1-s130-index-CGAGCGAC-TAGCGAGT-R2Oc0295,No,Keep,38755,NA
SBNo0326,SBNo0326,KBT_11.09.2018_SB,lane1-s145-index-TGAGTACG-TCATCGAG-SBNo0326,No,Keep,13542,NA
NR330_R2,NR330_R2,KBT_11.09.2018_NR2,lane1-s323-index-TCTCTATG-AGAGTCAC-NR330-R2,No,Keep,13858,NA
HPNo0322,HPNo0322,KBT_11.09.2018_HP1,lane1-s141-index-TAGTCTCC-CTAGAGCT-HPNo0322,No,Keep,17249,NA
R2No0327,R2No0327,KBT_11.09.2018_SR2,lane1-s146-index-TGAGTACG-ACGTCTCG-R2No0327,No,Keep,18254,NA
NBNo0331,NBNo0331,KBT_11.09.2018_NB,lane1-s150-index-CTGCGTAG-GCTCTAGT-NBNo0331,No,Keep,20005,NA
STNo0328,STNo0328,KBT_11.09.2018_STO1,lane1-s147-index-TGAGTACG-GCTCTAGT-STNo0328,No,Keep,21852,NA
NTNo0329,NTNo0329,KBT_11.09.2018_NTO1,lane1-s148-index-CTGCGTAG-TCATCGAG-NTNo0329,No,Keep,22143,NA
ARNo0323,ARNo0323,KBT_11.09.2018_AR,lane1-s142-index-CGAGCGAC-CTGCGTGT-ARNo0323,No,Keep,23911,NA
R8No0325,R8No0325,KBT_11.09.2018_SR8,lane1-s144-index-CGAGCGAC-CTAGAGCT-R8No0325,No,Keep,29891,NA
CBNo0324,CBNo0324,KBT_11.09.2018_CB,lane1-s143-index-CGAGCGAC-TACGAGAC-CBNo0324,No,Keep,30830,NA
NBJa0363,NBJa0363,KBT_01.11.2019_NB,lane1-s166-index-CGAGCGAC-CGTGAGTG-NBJa0363,No,Keep,9542,NA
STJa0360,STJa0360,KBT_01.11.2019_STO1,lane1-s163-index-TAGTCTCC-CGTGAGTG-STJa0360,No,Keep,17535,NA
NRJa0362,NRJa0362,KBT_01.11.2019_NR2,lane1-s165-index-TAGTCTCC-GACACTGA-NRJa0362,No,Keep,20429,NA
ARJa0355,ARJa0355,KBT_01.11.2019_AR,lane1-s158-index-TGAGTACG-TCGACGAG-ARJa0355,No,Keep,21564,NA
HPJa0354,HPJa0354,KBT_01.11.2019_HP1,lane1-s157-index-TGAGTACG-CGTGAGTG-HPJa0354,No,Keep,21702,NA
NTJa0361,NTJa0361,KBT_01.11.2019_NTO1,lane1-s164-index-TAGTCTCC-TCGACGAG-NTJa0361,No,Keep,22140,NA
SBJa0358,SBJa0358,KBT_01.11.2019_SB,lane1-s161-index-CTGCGTAG-TCGACGAG-SBJa0358,No,Keep,23790,NA
R8Ja0357,R8Ja0357,KBT_01.11.2019_SR8,lane1-s160-index-CTGCGTAG-CGTGAGTG-R8Ja0357,No,Keep,28978,NA
R2Ja0359,R2Ja0359,KBT_01.11.2019_SR2,lane1-s162-index-CTGCGTAG-GACACTGA-R2Ja0359,No,Keep,30921,NA
CBJa0356,CBJa0356,KBT_01.11.2019_CB,lane1-s159-index-TGAGTACG-GACACTGA-CBJa0356,No,Keep,32926,NA
SBFe0390,SBFe0390,KBT_02.25.2019_SB,lane1-s177-index-TAGTCTCC-TGCGTACG-SBFe0390,No,Keep,22682,NA
ARFe0387,ARFe0387,KBT_02.25.2019_AR,lane1-s174-index-CTGCGTAG-TGCGTACG-ARFe0387,No,Keep,24431,Yes
R8389_R2,R8389_R2,KBT_02.25.2019_SR8,lane1-s328-index-CGAAGTAT-CTGCGTGT-R8389-R2,No,Keep,26211,Yes
STFe0392,STFe0392,KBT_02.25.2019_STO1,lane1-s179-index-CGAGCGAC-GATCGTGT-STFe0392,No,Keep,29879,Yes
HPFe0386,HPFe0386,KBT_02.25.2019_HP1,lane1-s173-index-CTGCGTAG-GATCGTGT-HPFe0386,No,Keep,31017,Yes
NBFe0395,NBFe0395,KBT_02.25.2019_NB,lane1-s182-index-TGAGTACG-GTCAGATA-NBFe0395,No,Keep,31132,Yes
CBFe0388,CBFe0388,KBT_02.25.2019_CB,lane1-s175-index-TAGTCTCC-GGATATCT-CBFe0388,No,Keep,32569,NA
R2Fe0391,R2Fe0391,KBT_02.25.2019_SR2,lane1-s178-index-CGAGCGAC-GGATATCT-R2Fe0391,No,Keep,35413,NA
NRFe0394,NRFe0394,KBT_02.25.2019_NR2,lane1-s181-index-TGAGTACG-GACACCGT-NRFe0394,No,Keep,36661,NA
NTFe0393,NTFe0393,KBT_02.25.2019_NTO1,lane1-s180-index-CGAGCGAC-TGCGTACG-NTFe0393,No,Keep,39882,Yes
AR419_R2,AR419_R2,KBT_03.21.2019_AR,lane1-s329-index-CGAAGTAT-TACGAGAC-AR419-R2,No,Keep,24997,NA
STMa0449,STMa0449,KBT_03.21.2019_STO1,lane1-s205-index-ACTACGAC-ACTATCTG-STMa0449,No,Keep,26121,NA
NRMa0426,NRMa0426,KBT_03.21.2019_NR2,lane1-s198-index-GTCTGCTA-ACGACGTG-NRMa0426,No,Keep,26193,NA
HPMa0418,HPMa0418,KBT_03.21.2019_HP1,lane1-s189-index-TAGTCTCC-TAGTGTAG-HPMa0418,No,Keep,30479,NA
R2Ma0423,R2Ma0423,KBT_03.21.2019_SR2,lane1-s195-index-ACTACGAC-ACGACGTG-R2Ma0423,No,Keep,30971,NA
NTMa0425,NTMa0425,KBT_03.21.2019_NTO1,lane1-s197-index-GTCTGCTA-CTACTATA-NTMa0425,No,Keep,31148,NA
CBMa0420,CBMa0420,KBT_03.21.2019_CB,lane1-s191-index-CGAGCGAC-GTCAGATA-CBMa0420,No,Keep,38318,NA
SBMa0422,SBMa0422,KBT_03.21.2019_SB,lane1-s194-index-ACTACGAC-CTACTATA-SBMa0422,No,Keep,42950,NA
NBMa0427,NBMa0427,KBT_03.21.2019_NB,lane1-s199-index-GTCTATGA-ATCGTACG-NBMa0427,No,Keep,46728,NA
R8Ma0421,R8Ma0421,KBT_03.21.2019_SR8,lane1-s193-index-ACTACGAC-ATCGTACG-R8Ma0421,No,Keep,49220,NA
CBAp0452,CBAp0452,KBT_04.22.2019_CB,lane1-s208-index-GTCTGCTA-ACTATCTG-CBAp0452,No,Keep,17513,NA
NBAp0459,NBAp0459,KBT_04.22.2019_NB,lane1-s215-index-TATAGCGA-CGTTACTA-NBAp0459,No,Keep,19085,NA
R8Ap0453,R8Ap0453,KBT_04.22.2019_SR8,lane1-s209-index-GTCTGCTA-CGTTACTA-R8Ap0453,No,Keep,20065,NA
SBAp0454,SBAp0454,KBT_04.22.2019_SB,lane1-s210-index-GTCTGCTA-ATATACAC-SBAp0454,No,Keep,21172,NA
R2Ap0455,R2Ap0455,KBT_04.22.2019_SR2,lane1-s211-index-GTCTATGA-ACTATCTG-R2Ap0455,No,Keep,22003,NA
ARAp0451,ARAp0451,KBT_04.22.2019_AR,lane1-s207-index-ACTACGAC-ATATACAC-ARAp0451,No,Keep,22049,NA
HPAp0450,HPAp0450,KBT_04.22.2019_HP1,lane1-s206-index-ACTACGAC-CGTTACTA-HPAp0450,No,Keep,22063,NA
NRAp0458,NRAp0458,KBT_04.22.2019_NR2,lane1-s214-index-TATAGCGA-ACTATCTG-NRAp0458,No,Keep,26598,NA
NTAp0457,NTAp0457,KBT_04.22.2019_NTO1,lane1-s213-index-GTCTATGA-ATATACAC-NTAp0457,No,Keep,28536,NA
STAp0480,STAp0480,KBT_04.22.2019_STO1,lane1-s220-index-GTCTGCTA-TAGCGAGT-STAp0480,No,Keep,30519,NA
NBMy0486,NBMy0486,KBT_05.21.2019_NB,lane1-s227-index-TATAGCGA-AGAGTCAC-NBMy0486,No,Keep,17624,NA
STMy0483,STMy0483,KBT_05.21.2019_STO1,lane1-s224-index-GTCTATGA-AGAGTCAC-STMy0483,No,Keep,21073,NA
HPMy0487,HPMy0487,KBT_05.21.2019_HP1,lane1-s228-index-TATAGCGA-CGTCGCTA-HPMy0487,No,Keep,21403,NA
NTMy0484,NTMy0484,KBT_05.21.2019_NTO1,lane1-s225-index-GTCTATGA-CGTCGCTA-NTMy0484,No,Keep,22228,NA
ARMy0488,ARMy0488,KBT_05.21.2019_AR,lane1-s229-index-ACTACGAC-CTGCGTGT-ARMy0488,No,Keep,29054,NA
NRMy0485,NRMy0485,KBT_05.21.2019_NR2,lane1-s226-index-TATAGCGA-TAGCGAGT-NRMy0485,No,Keep,31468,NA
CBMy0489,CBMy0489,KBT_05.21.2019_CB,lane1-s230-index-ACTACGAC-TACGAGAC-CBMy0489,No,Keep,34208,NA
R2My0482,R2My0482,KBT_05.21.2019_SR2,lane1-s223-index-GTCTATGA-TAGCGAGT-R2My0482,No,Keep,35591,NA
R8My0490,R8My0490,KBT_05.21.2019_SR8,lane1-s231-index-ACTACGAC-CTAGAGCT-R8My0490,No,Keep,37658,NA
SBMy0491,SBMy0491,KBT_05.21.2019_SB,lane1-s232-index-GTCTGCTA-CTGCGTGT-SBMy0491,No,Keep,66105,NA
HPJn0507,HPJn0507,KBT_06.14.2019_HP1,lane1-s238-index-TATAGCGA-CTGCGTGT-HPJn0507,No,Keep,23946,NA
SBJn0511,SBJn0511,KBT_06.14.2019_SB,lane1-s242-index-ACTACGAC-ACGTCTCG-SBJn0511,No,Keep,25774,NA
ARJn0508,ARJn0508,KBT_06.14.2019_AR,lane1-s239-index-TATAGCGA-TACGAGAC-ARJn0508,No,Keep,26600,NA
NBJn0506,NBJn0506,KBT_06.14.2019_NB,lane1-s237-index-GTCTATGA-CTAGAGCT-NBJn0506,No,Keep,28416,NA
NTJn0504,NTJn0504,KBT_06.14.2019_NTO1,lane1-s235-index-GTCTATGA-CTGCGTGT-NTJn0504,No,Keep,30399,NA
STJn0503,STJn0503,KBT_06.14.2019_STO1,lane1-s234-index-GTCTGCTA-CTAGAGCT-STJn0503,No,Keep,31234,NA
R2Jn0502,R2Jn0502,KBT_06.14.2019_SR2,lane1-s233-index-GTCTGCTA-TACGAGAC-R2Jn0502,No,Keep,32541,NA
CBJn0509,CBJn0509,KBT_06.14.2019_CB,lane1-s240-index-TATAGCGA-CTAGAGCT-CBJn0509,No,Keep,33173,NA
R8Jn0510,R8Jn0510,KBT_06.14.2019_SR8,lane1-s241-index-ACTACGAC-TCATCGAG-R8Jn0510,No,Keep,35531,NA
NRJn0505,NRJn0505,KBT_06.14.2019_NR2,lane1-s236-index-GTCTATGA-TACGAGAC-NRJn0505,No,Keep,37844,NA
HPAu0527,HPAu0527,KBT_08.13.2019_HP1,lane1-s004-index--GACATAGT-ACGACGTG-HPAu0527,No,Keep,15176,NA
NTAu0524,NTAu0524,KBT_08.13.2019_NTO1,lane1-s001-index--CGAGAGTT-ACGACGTG-NTAu0524,No,Keep,16919,NA
ARAu0528,ARAu0528,KBT_08.13.2019_AR,lane1-s163-index--GATCTACG-CTACTATA-ARAu0528,No,Keep,19016,NA
R8Au0530,R8Au0530,KBT_08.13.2019_SR8,lane1-s209-index--GCGTATAC-TAGCGAGT-R8Au0530,No,Keep,19378,NA
NBAu0526,NBAu0526,KBT_08.13.2019_NB,lane1-s003-index--GACATAGT-CTACTATA-NBAu0526,No,Keep,21047,NA
NRAu0525,NRAu0525,KBT_08.13.2019_NR2,lane1-s002-index--GACATAGT-ATCGTACG-NRAu0525,No,Keep,22657,NA
CBAu0529,CBAu0529,KBT_08.13.2019_CB,lane1-s005-index--ACGCTACT-CTACTATA-CBAu0529,No,Keep,25067,NA
SBAu0531,SBAu0531,KBT_08.13.2019_SB,lane1-s131-index--ACTACGAC-ACTATCTG-SBAu0531,No,Keep,35417,NA
STAu0523,STAu0523,KBT_08.13.2019_STO1,lane1-s201-index--GCGTATAC-ATCGTACG-STAu0523,No,Keep,35784,NA
R2Au0522,R2Au0522,KBT_08.13.2019_SR2,lane1-s155-index--GTAACGAG-TACGAGAC-R2Au0522,No,Keep,41016,NA
ARAu0548,ARAu0548,KBT_08.29.2019_AR,lane1-s009-index--GACATAGT-CGTTACTA-ARAu0548,No,Keep,11560,NA
CBAu0549,CBAu0549,KBT_08.29.2019_CB,lane1-s010-index--GACATAGT-ATATACAC-CBAu0549,No,Keep,12105,NA
R2Au0542,R2Au0542,KBT_08.29.2019_SR2,lane1-s164-index--GATCTACG-ACGACGTG-R2Au0542,No,Keep,14633,NA
HPAu0547,HPAu0547,KBT_08.29.2019_HP1,lane1-s008-index--GACATAGT-ACTATCTG-HPAu0547,No,Keep,16987,NA
NRAu0545,NRAu0545,KBT_08.29.2019_NR2,lane1-s006-index--CGAGAGTT-CGTTACTA-NRAu0545,No,Keep,17001,NA
R8Au0550,R8Au0550,KBT_08.29.2019_SR8,lane1-s166-index--GTAACGAG-CTACTATA-R8Au0550,No,Keep,19271,NA
NBAu0546,NBAu0546,KBT_08.29.2019_NB,lane1-s007-index--CGAGAGTT-ATATACAC-NBAu0546,No,Keep,19879,NA
SBAu0551,SBAu0551,KBT_08.29.2019_SB,lane1-s011-index--ACGCTACT-CGTTACTA-SBAu0551,No,Keep,20035,NA
NTAu0544,NTAu0544,KBT_08.29.2019_NTO1,lane1-s165-index--GTAACGAG-ATCGTACG-NTAu0544,No,Keep,23138,NA
STAu0543,STAu0543,KBT_08.29.2019_STO1,lane1-s136-index--TATAGCGA-ACTATCTG-STAu0543,No,Keep,25150,NA
STOc0563,STOc0563,KBT_10.07.2019_STO1,lane1-s167-index--GTAACGAG-ACGACGTG-STOc0563,No,Keep,14332,NA
SBOc0571,SBOc0571,KBT_10.07.2019_SB,lane1-s017-index--GACATAGT-CGTCGCTA-SBOc0571,No,Keep,15214,NA
HPOc0567,HPOc0567,KBT_10.07.2019_HP1,lane1-s014-index--CGAGAGTT-AGAGTCAC-HPOc0567,No,Keep,17166,NA
AROc0568,AROc0568,KBT_10.07.2019_AR,lane1-s015-index--CGAGAGTT-CGTCGCTA-AROc0568,No,Keep,18045,NA
CBOc0569,CBOc0569,KBT_10.07.2019_CB,lane1-s016-index--GACATAGT-TAGCGAGT-CBOc0569,No,Keep,19000,NA
R2Oc0562,R2Oc0562,KBT_10.07.2019_SR2,lane1-s012-index--ACGCTACT-ATATACAC-R2Oc0562,No,Keep,21914,NA
NROc0565,NROc0565,KBT_10.07.2019_NR2,lane1-s168-index--ACGTGCGC-ATCGTACG-NROc0565,No,Keep,24524,NA
NBOc0566,NBOc0566,KBT_10.07.2019_NB,lane1-s169-index--ACGTGCGC-CTACTATA-NBOc0566,No,Keep,25349,NA
NTOc0564,NTOc0564,KBT_10.07.2019_NTO1,lane1-s013-index--ACTCACTG-CGTTACTA-NTOc0564,No,Keep,32552,NA
R8Oc0570,R8Oc0570,KBT_10.07.2019_SR8,lane1-s152-index--GATCTACG-TACGAGAC-R8Oc0570,No,Keep,37533,NA
SBDe0591,SBDe0591,KBT_12.09.2019_SB,lane1-s024-index--GACATAGT-CTGCGTGT-SBDe0591,No,Keep,16204,NA
R8De0590,R8De0590,KBT_12.09.2019_SR8,lane1-s023-index--CGAGAGTT-CTAGAGCT-R8De0590,No,Keep,19054,NA
STDe0583,STDe0583,KBT_12.09.2019_STO1,lane1-s202-index--GCGTATAC-CTACTATA-STDe0583,No,Keep,20058,NA
ARDe0588,ARDe0588,KBT_12.09.2019_AR,lane1-s021-index--CGAGAGTT-CTGCGTGT-ARDe0588,No,Keep,20122,NA
R2De0582,R2De0582,KBT_12.09.2019_SR2,lane1-s170-index--ACGTGCGC-ACGACGTG-R2De0582,No,Keep,22819,NA
HPDe0587,HPDe0587,KBT_12.09.2019_HP1,lane1-s020-index--ACTCACTG-CGTCGCTA-HPDe0587,No,Keep,24350,NA
NBDe0586,NBDe0586,KBT_12.09.2019_NB,lane1-s171-index--ATAGTACC-CTACTATA-NBDe0586,No,Keep,25483,NA
NRDe0585,NRDe0585,KBT_12.09.2019_NR2,lane1-s197-index--ACGTGCGC-TGCGTACG-NRDe0585,No,Keep,33089,NA
CBDe0589,CBDe0589,KBT_12.09.2019_CB,lane1-s022-index--CGAGAGTT-TACGAGAC-CBDe0589,No,Keep,34511,NA
NTDe0584,NTDe0584,KBT_12.09.2019_NTO1,lane1-s150-index--GTAACGAG-TAGCGAGT-NTDe0584,No,Keep,35079,NA
STJa0603,STJa0603,KBT_01.24.2020_STO1,lane1-s172-index--ATAGTACC-ACGACGTG-STJa0603,No,Keep,20478,NA
R8Ja0610,R8Ja0610,KBT_01.24.2020_SR8,lane1-s030-index--CGAGAGTT-TCATCGAG-R8Ja0610,No,Keep,21373,NA
R2Ja0602,R2Ja0602,KBT_01.24.2020_SR2,lane1-s025-index--GACATAGT-TACGAGAC-R2Ja0602,No,Keep,22048,NA
SBJa0611,SBJa0611,KBT_01.24.2020_SB,lane1-s031-index--CGAGAGTT-ACGTCTCG-SBJa0611,No,Keep,25968,NA
NBJa0606,NBJa0606,KBT_01.24.2020_NB,lane1-s151-index--GTAACGAG-CGTCGCTA-NBJa0606,No,Keep,27415,NA
NRJa0605,NRJa0605,KBT_01.24.2020_NR2,lane1-s145-index--GATCTACG-CGTTACTA-NRJa0605,No,Keep,28889,NA
CBJa0609,CBJa0609,KBT_01.24.2020_CB,lane1-s146-index--GATCTACG-ATATACAC-CBJa0609,No,Keep,33618,NA
HPJa0607,HPJa0607,KBT_01.24.2020_HP1,lane1-s129-index--GTCTGCTA-ATCGTACG-HPJa0607,No,Keep,34310,NA
NTJa0604,NTJa0604,KBT_01.24.2020_NTO1,lane1-s026-index--ACGCTACT-CTGCGTGT-NTJa0604,No,Keep,38974,NA
ARJa0608,ARJa0608,KBT_01.24.2020_AR,lane1-s029-index--ACTCACTG-TACGAGAC-ARJa0608,No,Keep,42645,NA
STMa0623,STMa0623,KBT_03.20.2020_STO1,lane1-s033-index--GACATAGT-TCATCGAG-STMa0623,No,Keep,14011,NA
NRMa0625,NRMa0625,KBT_03.20.2020_NR2,lane1-s035-index--GACATAGT-GCTCTAGT-NRMa0625,No,Keep,15913,NA
ARMa0628,ARMa0628,KBT_03.20.2020_AR,lane1-s175-index--ACGTGCGC-ATATACAC-ARMa0628,No,Keep,17143,NA
NTMa0624,NTMa0624,KBT_03.20.2020_NTO1,lane1-s034-index--GACATAGT-ACGTCTCG-NTMa0624,No,Keep,17684,NA
R2Ma0622,R2Ma0622,KBT_03.20.2020_SR2,lane1-s032-index--CGAGAGTT-GCTCTAGT-R2Ma0622,No,Keep,20224,NA
SBMa0631,SBMa0631,KBT_03.20.2020_SB,lane1-s148-index--GTAACGAG-ATATACAC-SBMa0631,No,Keep,23777,NA
CBMa0629,CBMa0629,KBT_03.20.2020_CB,lane1-s038-index--ACTCACTG-ACGTCTCG-CBMa0629,No,Keep,32067,NA
HPMa0627,HPMa0627,KBT_03.20.2020_HP1,lane1-s037-index--ACGCTACT-GCTCTAGT-HPMa0627,No,Keep,37169,NA
NBMa0626,NBMa0626,KBT_03.20.2020_NB,lane1-s153-index--GATCTACG-CTAGAGCT-NBMa0626,No,Keep,38962,NA
R8Ma0630,R8Ma0630,KBT_03.20.2020_SR8,lane1-s039-index--ACTCACTG-GCTCTAGT-R8Ma0630,No,Keep,40865,NA
NRMy0645,NRMy0645,KBT_05.14.2020_NR2,lane1-s043-index--GACATAGT-TCGACGAG-NRMy0645,No,Keep,15014,NA
NTMy0644,NTMy0644,KBT_05.14.2020_NTO1,lane1-s042-index--GACATAGT-CGTGAGTG-NTMy0644,No,Keep,16566,NA
NBMy0646,NBMy0646,KBT_05.14.2020_NB,lane1-s044-index--GACATAGT-GACACTGA-NBMy0646,No,Keep,18672,NA
R2My0642,R2My0642,KBT_05.14.2020_SR2,lane1-s040-index--CGAGAGTT-TCGACGAG-R2My0642,No,Keep,18862,NA
STMy0643,STMy0643,KBT_05.14.2020_STO1,lane1-s041-index--CGAGAGTT-GACACTGA-STMy0643,No,Keep,21279,NA
HPMy0647,HPMy0647,KBT_05.14.2020_HP1,lane1-s198-index--ATAGTACC-GGATATCT-HPMy0647,No,Keep,31777,NA
R8My0650,R8My0650,KBT_05.14.2020_SR8,lane1-s149-index--ACGTGCGC-ACTATCTG-R8My0650,No,Keep,32051,NA
CBMy0649,CBMy0649,KBT_05.14.2020_CB,lane1-s046-index--ACGCTACT-GACACTGA-CBMy0649,No,Keep,41180,NA
ARMy0648,ARMy0648,KBT_05.14.2020_AR,lane1-s045-index--ACGCTACT-TCGACGAG-ARMy0648,No,Keep,43649,NA
SBMy0651,SBMy0651,KBT_05.14.2020_SB,lane1-s047-index--ACTCACTG-TCGACGAG-SBMy0651,No,Keep,60339,NA
NBJy0666,NBJy0666,KBT_07.21.2020_NB,lane1-s052-index--GACATAGT-GGATATCT-NBJy0666,No,Keep,17437,NA
SBJy0671,SBJy0671,KBT_07.21.2020_SB,lane1-s177-index--ATAGTACC-CGTTACTA-SBJy0671,No,Keep,18276,NA
CBJy0669,CBJy0669,KBT_07.21.2020_CB,lane1-s176-index--ATAGTACC-ACTATCTG-CBJy0669,No,Keep,18491,NA
HPJy0667,HPJy0667,KBT_07.21.2020_HP1,lane1-s053-index--GACATAGT-GATCGTGT-HPJy0667,No,Keep,19490,NA
ARJy0668,ARJy0668,KBT_07.21.2020_AR,lane1-s054-index--GACATAGT-TGCGTACG-ARJy0668,No,Keep,21968,NA
NTJy0664,NTJy0664,KBT_07.21.2020_NTO1,lane1-s050-index--CGAGAGTT-GATCGTGT-NTJy0664,No,Keep,25500,NA
NRJy0665,NRJy0665,KBT_07.21.2020_NR2,lane1-s051-index--CGAGAGTT-TGCGTACG-NRJy0665,No,Keep,28349,NA
STJy0663,STJy0663,KBT_07.21.2020_STO1,lane1-s049-index--CGAGAGTT-GGATATCT-STJy0663,No,Keep,29452,NA
R8Jy0670,R8Jy0670,KBT_07.21.2020_SR8,lane1-s055-index--ACGCTACT-GATCGTGT-R8Jy0670,No,Keep,34151,NA
R2Jy0662,R2Jy0662,KBT_07.21.2020_SR2,lane1-s048-index--ACTCACTG-GACACTGA-R2Jy0662,No,Keep,59211,NA
R2Au0682,R2Au0682,KBT_08.28.2020_SR2,lane1-s184-index--ATAGTACC-CGTCGCTA-R2Au0682,No,Keep,15219,NA
SBAu0691,SBAu0691,KBT_08.28.2020_SB,lane1-s180-index--ACGTGCGC-AGAGTCAC-SBAu0691,No,Keep,18403,NA
NRAu0685,NRAu0685,KBT_08.28.2020_NR2,lane1-s178-index--ATAGTACC-ATATACAC-NRAu0685,No,Keep,20614,NA
CBAu0689,CBAu0689,KBT_08.28.2020_CB,lane1-s061-index--GACATAGT-GTCAGATA-CBAu0689,No,Keep,22499,NA
ARAu0688,ARAu0688,KBT_08.28.2020_AR,lane1-s060-index--GACATAGT-GACACCGT-ARAu0688,No,Keep,25680,NA
HPAu0687,HPAu0687,KBT_08.28.2020_HP1,lane1-s059-index--CGAGAGTT-TAGTGTAG-HPAu0687,No,Keep,26208,NA
R8Au0690,R8Au0690,KBT_08.28.2020_SR8,lane1-s062-index--GACATAGT-TAGTGTAG-R8Au0690,No,Keep,28949,NA
NBAu0686,NBAu0686,KBT_08.28.2020_NB,lane1-s058-index--CGAGAGTT-GTCAGATA-NBAu0686,No,Keep,29973,NA
STAu0683,STAu0683,KBT_08.28.2020_STO1,lane1-s056-index--ACTCACTG-GATCGTGT-STAu0683,No,Keep,36221,NA
NTAu0684,NTAu0684,KBT_08.28.2020_NTO1,lane1-s057-index--ACTCACTG-TGCGTACG-NTAu0684,No,Keep,45448,NA
R2Se0702,R2Se0702,KBT_09.22.2020_SR2,lane1-s181-index--ACGTGCGC-CGTCGCTA-R2Se0702,No,Keep,13497,NA
NTSe0704,NTSe0704,KBT_09.22.2020_NTO1,lane1-s183-index--ATAGTACC-AGAGTCAC-NTSe0704,No,Keep,20868,NA
NBSe0706,NBSe0706,KBT_09.22.2020_NB,lane1-s199-index--ATAGTACC-GATCGTGT-NBSe0706,No,Keep,20978,NA
STSe0703,STSe0703,KBT_09.22.2020_STO1,lane1-s182-index--ATAGTACC-TAGCGAGT-STSe0703,No,Keep,30681,NA
HPSe0707,HPSe0707,KBT_09.22.2020_HP1,lane1-s065-index--TGAGTACG-ACGACGTG-HPSe0707,No,Keep,43850,NA
R8Se0710,R8Se0710,KBT_09.22.2020_SR8,lane1-s068-index--CTGCGTAG-ACGACGTG-R8Se0710,No,Keep,46321,NA
SBSe0711,SBSe0711,KBT_09.22.2020_SB,lane1-s069-index--TAGTCTCC-ATCGTACG-SBSe0711,No,Keep,56701,NA
NRSe0705,NRSe0705,KBT_09.22.2020_NR2,lane1-s064-index--TGAGTACG-ATCGTACG-NRSe0705,No,Keep,58340,NA
ARSe0708,ARSe0708,KBT_09.22.2020_AR,lane1-s066-index--CTGCGTAG-ATCGTACG-ARSe0708,No,Keep,66812,NA
CBSe0709,CBSe0709,KBT_09.22.2020_CB,lane1-s067-index--CTGCGTAG-CTACTATA-CBSe0709,No,Keep,68066,NA
WASe0003,WASe0003,NERR_09.22.2020_WAI2,lane1-s071-index--TAGTCTCC-ACGACGTG-WASe0003,Yes,Keep,30583,NA
KASe0002,KASe0002,NERR_09.22.2020_KAHO,lane1-s119-index--CTGCGTAG-GGATATCT-KASe0002,Yes,Keep,47601,NA
NTNo0724,NTNo0724,KBT_11.16.2020_NTO1,lane1-s206-index--AACGCTGA-ATCGTACG-NTNo0724,No,Keep,25971,NA
STNo0723,STNo0723,KBT_11.16.2020_STO1,lane1-s200-index--ATAGTACC-TGCGTACG-STNo0723,No,Keep,29297,NA
SBNo0731,SBNo0731,KBT_11.16.2020_SB,lane1-s079-index--TAGTCTCC-ACTATCTG-SBNo0731,No,Keep,42428,NA
CBNo0729,CBNo0729,KBT_11.16.2020_CB,lane1-s077-index--CTGCGTAG-CGTTACTA-CBNo0729,No,Keep,46735,NA
R8No0730,R8No0730,KBT_11.16.2020_SR8,lane1-s078-index--CTGCGTAG-ATATACAC-R8No0730,No,Keep,49693,NA
NBNo0726,NBNo0726,KBT_11.16.2020_NB,lane1-s074-index--TGAGTACG-CGTTACTA-NBNo0726,No,Keep,50380,NA
HPNo0727,HPNo0727,KBT_11.16.2020_HP1,lane1-s075-index--TGAGTACG-ATATACAC-HPNo0727,No,Keep,55997,NA
ARNo0728,ARNo0728,KBT_11.16.2020_AR,lane1-s076-index--CTGCGTAG-ACTATCTG-ARNo0728,No,Keep,56427,NA
NRNo0725,NRNo0725,KBT_11.16.2020_NR2,lane1-s073-index--TGAGTACG-ACTATCTG-NRNo0725,No,Keep,57599,NA
R2No0722,R2No0722,KBT_11.16.2020_SR2,lane1-s072-index--CGAGCGAC-ATCGTACG-R2No0722,No,Keep,72460,NA
NRDe0745,NRDe0745,KBT_12.23.2020_NR2,lane1-s156-index--GTAACGAG-CTAGAGCT-NRDe0745,No,Keep,30780,NA
NBDe0746,NBDe0746,KBT_12.23.2020_NB,lane1-s154-index--GTAACGAG-CTGCGTGT-NBDe0746,No,Keep,36341,NA
CBDe0749,CBDe0749,KBT_12.23.2020_CB,lane1-s157-index--ACGTGCGC-CTGCGTGT-CBDe0749,No,Keep,39181,NA
STDe0743,STDe0743,KBT_12.23.2020_STO1,lane1-s081-index--TAGTCTCC-ATATACAC-STDe0743,No,Keep,41968,NA
ARDe0748,ARDe0748,KBT_12.23.2020_AR,lane1-s084-index--TGAGTACG-AGAGTCAC-ARDe0748,No,Keep,43803,NA
SBDe0751,SBDe0751,KBT_12.23.2020_SB,lane1-s086-index--CTGCGTAG-AGAGTCAC-SBDe0751,No,Keep,46398,NA
NTDe0744,NTDe0744,KBT_12.23.2020_NTO1,lane1-s082-index--CGAGCGAC-ACTATCTG-NTDe0744,No,Keep,59375,NA
R8De0750,R8De0750,KBT_12.23.2020_SR8,lane1-s085-index--CTGCGTAG-TAGCGAGT-R8De0750,No,Keep,82110,NA
HPDe0747,HPDe0747,KBT_12.23.2020_HP1,lane1-s083-index--TGAGTACG-TAGCGAGT-HPDe0747,No,Keep,86087,NA
WADe0007,WADe0007,NERR_12.23.2020_WAI2,lane1-s089-index--TAGTCTCC-AGAGTCAC-WADe0007,Yes,Keep,32878,NA
KADe0006,KADe0006,NERR_12.23.2020_KAHO,lane1-s120-index--CTGCGTAG-TGCGTACG-KADe0006,Yes,Keep,67098,NA
SBFe0771,SBFe0771,KBT_02.12.2021_SB,lane1-s187-index--ATAGTACC-CTGCGTGT-SBFe0771,No,Keep,22355,NA
NRFe0765,NRFe0765,KBT_02.12.2021_NR2,lane1-s133-index--GTCTGCTA-ATATACAC-NRFe0765,No,Keep,24195,NA
CBFe0769,CBFe0769,KBT_02.12.2021_CB,lane1-s186-index--ACGTGCGC-CTAGAGCT-CBFe0769,No,Keep,24396,NA
R2Fe0762,R2Fe0762,KBT_02.12.2021_SR2,lane1-s185-index--ACGTGCGC-TACGAGAC-R2Fe0762,No,Keep,28299,NA
ARFe0768,ARFe0768,KBT_02.12.2021_AR,lane1-s094-index--TGAGTACG-CTAGAGCT-ARFe0768,No,Keep,48561,NA
NTFe0764,NTFe0764,KBT_02.12.2021_NTO1,lane1-s091-index--CGAGCGAC-AGAGTCAC-NTFe0764,No,Keep,48801,NA
HPFe0767,HPFe0767,KBT_02.12.2021_HP1,lane1-s093-index--TGAGTACG-TACGAGAC-HPFe0767,No,Keep,57847,NA
STFe0763,STFe0763,KBT_02.12.2021_STO1,lane1-s090-index--CGAGCGAC-TAGCGAGT-STFe0763,No,Keep,65797,NA
NBFe0766,NBFe0766,KBT_02.12.2021_NB,lane1-s092-index--TGAGTACG-CTGCGTGT-NBFe0766,No,Keep,66589,NA
R8Fe0770,R8Fe0770,KBT_02.12.2021_SR8,lane1-s095-index--CTGCGTAG-TACGAGAC-R8Fe0770,No,Keep,90111,NA
KAFe0009,KAFe0009,NERR_02.12.2021_KAHO,lane1-s096-index--TAGTCTCC-CTGCGTGT-KAFe0009,Yes,Keep,42849,NA
WAFe0012,WAFe0012,NERR_02.12.2021_WAI2,lane1-s121-index--TAGTCTCC-TGCGTACG-WAFe0012,Yes,Keep,66989,NA
SBAp0791,SBAp0791,KBT_04.16.2021_SB,lane1-s189-index--ATAGTACC-CTAGAGCT-SBAp0791,No,Keep,22899,NA
HPAp0787,HPAp0787,KBT_04.16.2021_HP1,lane1-s100-index--TGAGTACG-ACGTCTCG-HPAp0787,No,Keep,46792,NA
R8Ap0790,R8Ap0790,KBT_04.16.2021_SR8,lane1-s103-index--CTGCGTAG-ACGTCTCG-R8Ap0790,No,Keep,57137,NA
CBAp0789,CBAp0789,KBT_04.16.2021_CB,lane1-s102-index--CTGCGTAG-TCATCGAG-CBAp0789,No,Keep,63771,NA
NRAp0785,NRAp0785,KBT_04.16.2021_NR2,lane1-s134-index--GTCTATGA-ACTATCTG-NRAp0785,Yes,Keep,27014,NA
NBAp0786,NBAp0786,KBT_04.16.2021_NB,lane1-s188-index--ATAGTACC-TACGAGAC-NBAp0786,Yes,Keep,29978,NA
R2Ap0802,R2Ap0802,KBT_04.16.2021_SR2,lane1-s158-index--GATCTACG-TCATCGAG-R2Ap0802,Yes,Keep,37032,NA
NTAp0784,NTAp0784,KBT_04.16.2021_NTO1,lane1-s099-index--CGAGCGAC-TACGAGAC-NTAp0784,Yes,Keep,52417,NA
ARAp0807,ARAp0807,KBT_04.16.2021_AR,lane1-s107-index--CGAGCGAC-GCTCTAGT-ARAp0807,Yes,Keep,59501,NA
STAp0783,STAp0783,KBT_04.16.2021_STO1,lane1-s098-index--CGAGCGAC-CTGCGTGT-STAp0783,Yes,Keep,70486,NA
NBMy0816,NBMy0816,KBT_05.24.2021_NB,lane1-s203-index--TGCTCGTA-ATCGTACG-NBMy0816,No,Keep,17471,NA
STMy0813,STMy0813,KBT_05.24.2021_STO1,lane1-s109-index--CTGCGTAG-CGTGAGTG-STMy0813,No,Keep,47336,NA
R2My0812,R2My0812,KBT_05.24.2021_SR2,lane1-s108-index--TGAGTACG-GACACTGA-R2My0812,No,Keep,51227,NA
HPMy0817,HPMy0817,KBT_05.24.2021_HP1,lane1-s113-index--TAGTCTCC-GACACTGA-HPMy0817,No,Keep,52856,NA
ARMy0818,ARMy0818,KBT_05.24.2021_AR,lane1-s114-index--CGAGCGAC-CGTGAGTG-ARMy0818,No,Keep,55071,NA
NTMy0814,NTMy0814,KBT_05.24.2021_NTO1,lane1-s110-index--CTGCGTAG-TCGACGAG-NTMy0814,No,Keep,61025,NA
CBMy0819,CBMy0819,KBT_05.24.2021_CB,lane1-s115-index--CGAGCGAC-TCGACGAG-CBMy0819,No,Keep,66206,NA
NRMy0815,NRMy0815,KBT_05.24.2021_NR2,lane1-s111-index--CTGCGTAG-GACACTGA-NRMy0815,No,Keep,66422,NA
SBMy0821,SBMy0821,KBT_05.24.2021_SB,lane1-s117-index--TGAGTACG-GGATATCT-SBMy0821,No,Keep,67125,NA
R8My0820,R8My0820,KBT_05.24.2021_SR8,lane1-s116-index--CGAGCGAC-GACACTGA-R8My0820,No,Keep,79247,NA
WAMy0020,WAMy0020,NERR_05.24.2021_WAI2,lane1-s207-index--AACGCTGA-CTACTATA-WAMy0020,Yes,Keep,19292,NA
KAMy0018,KAMy0018,NERR_05.24.2021_KAHO,lane1-s122-index--CGAGCGAC-TGCGTACG-KAMy0018,Yes,Keep,83225,NA
STJu0833,STJu0833,KBT_06.21.2021_STO1,lane1-s194-index--ATAGTACC-TCGACGAG-STJu0833,No,Keep,21370,NA
R2Ju0832,R2Ju0832,KBT_06.21.2021_SR2,lane1-s135-index--GTCTATGA-CGTTACTA-R2Ju0832,No,Keep,26690,NA
SBJu0841,SBJu0841,KBT_06.21.2021_SB,lane1-s196-index--ACGTGCGC-GATCGTGT-SBJu0841,No,Keep,27912,NA
NTJu0834,NTJu0834,KBT_06.21.2021_NTO1,lane1-s195-index--ATAGTACC-GACACTGA-NTJu0834,No,Keep,30268,NA
ARJu0838,ARJu0838,KBT_06.21.2021_AR,lane1-s126-index--TAGTCTCC-GTCAGATA-ARJu0838,No,Keep,60863,NA
HPJu0837,HPJu0837,KBT_06.21.2021_HP1,lane1-s125-index--TAGTCTCC-GACACCGT-HPJu0837,No,Keep,62420,NA
NRJu0835,NRJu0835,KBT_06.21.2021_NR2,lane1-s123-index--CTGCGTAG-GTCAGATA-NRJu0835,No,Keep,77103,NA
R8Ju0840,R8Ju0840,KBT_06.21.2021_SR8,lane1-s128-index--CGAGCGAC-GACACCGT-R8Ju0840,No,Keep,82160,NA
CBJu0839,CBJu0839,KBT_06.21.2021_CB,lane1-s127-index--TAGTCTCC-TAGTGTAG-CBJu0839,No,Keep,89329,NA